customer	purchases
4282	7
5241	26
6668	7
7795	28
9218	16
10801	11
11914	1
18173	9
19897	18
20220	21
20459	123
20596	7
20695	6
20794	40
20817	14
20848	1
21203	7
21449	4
21951	31
22453	12
22729	5
22736	1
23771	12
23801	5
23863	1
24167	8
25386	6
25683	6
25805	10
25973	8
26062	5
26192	3
26321	3
26550	18
26666	3
27151	6
27243	7
27335	6
28127	3
28547	12
28844	2
28967	7
29209	6
29377	2
29421	4
30106	14
30281	3
31059	5
32100	5
32827	4
33510	8
33862	9
35866	8
36016	9
38782	4
38836	2
39802	1
39932	6
40129	5
40181	17
40242	11
40488	7
40662	15
41171	1
41188	1
41263	7
41584	12
41607	5
41737	17
41928	3
42017	19
42093	2
42857	1
43748	1
43861	34
44356	1
44363	15
45377	10
45704	2
45902	2
45957	8
45971	3
45995	3
46015	4
46145	7
46633	1
46855	8
47067	11
47197	5
47241	13
47340	3
47395	13
47654	13
48101	8
48149	17
48231	15
48491	10
48590	22
49061	19
49122	7
49597	4
49627	5
49641	10
50500	2
50548	14
50593	14
50920	2
50968	10
51057	39
51347	1
51590	3
52979	12
54249	11
54362	7
54584	4
55024	1
55079	6
56595	15
57172	19
57486	13
57509	9
57677	2
57738	7
58698	19
58865	42
59497	15
60554	6
61681	4
61704	3
61742	8
61766	3
63227	7
63326	4
64439	65
64873	6
64897	1
65245	1
66259	15
66594	16
66662	5
66693	2
67577	5
68086	1
69137	9
69946	1
69953	1
70232	16
70249	1
71062	6
71093	6
71178	17
71345	26
72045	8
72144	7
72533	4
74216	15
74353	8
74377	19
74445	7
74797	15
75008	24
75091	7
75138	22
75275	11
75305	1
75367	5
75404	4
75565	11
75602	7
75664	3
75787	5
75879	31
75930	7
75954	15
75985	24
76043	8
76180	3
76227	9
77118	4
78641	2
78771	11
79495	3
80842	17
81108	3
81252	2
81269	5
81412	27
82174	3
82372	35
83102	5
83638	4
83775	3
84208	8
84697	10
85168	4
85229	3
86059	8
87001	2
87162	12
89203	5
89517	13
89739	19
90629	24
90643	20
91206	5
91343	9
92043	16
95334	1
95341	5
95907	14
96874	3
98946	14
99295	7
99394	20
99790	6
99851	6
100021	15
100588	3
100861	11
100960	2
101981	16
101998	11
102032	10
102100	3
102292	32
102728	32
103015	3
103060	10
103077	4
103176	3
103619	15
103718	3
104418	3
105002	21
105286	1
106276	7
106672	1
106849	16
107587	9
110969	10
110990	1
111683	17
112642	7
112857	14
113151	7
114295	13
115810	11
116947	6
117364	6
118996	1
119221	1
119283	16
119634	12
120258	13
120494	3
121514	27
124515	2
125192	3
127936	5
127967	7
128506	12
128575	1
128582	3
128612	2
128971	1
129145	4
131353	16
131841	7
131872	22
132831	1
134941	3
135436	3
135788	11
136051	5
136099	4
136136	9
136334	3
136754	13
136822	7
138499	12
138628	1
139847	17
140379	20
140621	5
140867	5
141833	7
141949	12
143516	10
143660	12
143783	2
144957	11
146005	17
146265	10
147514	8
149563	4
150064	6
151153	11
151337	6
151832	9
152198	2
152525	6
153102	8
153362	4
154093	15
154192	4
154383	6
154413	13
154499	30
154550	2
154581	7
154932	7
155144	26
155694	4
157285	8
157742	4
157919	5
158282	15
158565	7
158626	13
158756	2
159234	36
159791	2
160360	2
160445	25
160476	13
160780	3
160896	1
161381	1
161404	10
161541	9
161886	7
162487	9
162593	2
163835	11
164016	24
164252	30
165570	1
166898	6
168502	11
169592	25
170017	10
170215	1
170376	3
170703	20
171113	12
171212	5
171687	1
171748	3
171878	14
172882	6
173094	2
173391	2
173414	8
173452	5
175180	3
177276	1
178594	5
180955	14
181099	9
181402	4
183062	3
183468	10
184618	2
186193	1
186339	5
187183	7
187213	11
187442	6
187459	12
187589	1
187831	3
188357	3
188760	22
190138	19
190213	2
190299	6
190695	22
190787	5
190916	2
191050	5
191159	2
191234	6
191265	9
191432	19
191685	22
191715	8
192538	10
192576	4
192729	2
194631	28
194655	1
194778	8
194846	16
194921	2
195058	20
195195	3
195751	5
195782	2
195812	2
196024	6
196215	5
196222	13
196543	8
196567	22
196666	10
196673	21
196734	1
196765	12
197212	12
197779	13
197946	6
197960	13
198127	25
199056	9
199612	1
201056	25
201834	23
201865	23
201964	28
202749	1
203739	12
203838	10
204446	2
204941	7
205689	20
205733	3
205818	2
210928	2
211079	14
211772	20
212519	12
214148	7
214339	12
216517	10
216531	5
217293	1
217361	9
219068	5
219297	17
219310	6
219334	5
219389	10
219440	22
219549	10
219570	6
219617	16
219716	27
219891	28
219969	2
220026	9
220057	1
220170	3
220194	6
220361	13
220552	4
220736	1
220828	8
220842	30
220934	1
221177	19
221467	10
222204	5
224161	3
225656	2
227773	2
230483	15
231909	9
232012	15
232333	20
233262	19
234467	17
234900	9
235419	26
235587	3
235648	8
235754	10
236645	4
238717	2
239448	9
239530	1
241540	1
242127	6
242875	13
242936	27
243605	5
243728	11
245746	1
246118	3
246897	3
248655	4
248952	3
249850	8
250245	11
251402	1
251631	2
253307	8
254779	4
256735	4
258067	31
261715	5
262361	9
263085	25
265713	12
266772	4
267465	4
267960	9
268745	4
269414	4
270083	4
270236	4
271561	1
274937	6
274975	16
274999	4
277839	3
277907	12
283076	9
284936	9
288606	1
289375	6
291200	9
291736	11
292023	2
292306	5
293303	14
293389	1
295024	6
295642	4
296106	6
296823	29
299770	12
300179	21
300285	2
300384	16
301657	8
301718	55
301923	3
302012	22
302128	17
302135	11
302197	2
302647	6
303606	9
303736	4
303750	1
304092	8
304207	4
304245	13
304474	5
304528	15
304580	2
304818	3
304832	11
305167	8
305211	2
305228	16
307024	5
307451	7
308359	8
308380	18
308410	9
308472	9
308656	5
309448	3
309486	9
309936	2
310970	6
311014	5
311021	10
311090	8
311403	2
311540	5
311762	2
311885	5
312653	11
312882	3
313094	7
313490	1
314084	13
314626	2
315388	1
315517	19
315852	9
317870	3
319652	6
319829	2
320627	2
321327	2
321341	18
321396	9
321709	5
321839	4
321860	13
322058	9
322096	6
322157	5
322188	6
322775	4
325042	4
325196	4
325301	1
325929	3
326001	2
326056	26
326070	6
326438	8
326919	2
327237	1
328364	8
329224	23
329477	8
329637	3
330442	1
331739	1
331746	2
332125	9
332583	8
333122	1
335034	5
335065	9
335683	4
336154	4
336796	1
337151	5
337410	28
337557	9
337717	6
338370	2
338455	5
338509	18
338707	8
339384	20
339506	9
339568	21
340045	11
340137	27
340441	26
340670	8
341042	3
342070	3
342193	11
342605	15
344784	5
345712	7
348454	3
348492	13
348669	3
348942	38
349208	3
349857	7
351218	1
353342	26
353540	30
353694	4
355230	10
356220	35
360319	3
361606	70
362344	5
362702	8
362726	1
362887	12
363297	2
363327	2
366540	6
367431	11
367677	9
368322	13
368476	11
368568	8
368674	5
369756	17
371261	4
375757	3
375917	15
377836	20
379137	3
380355	3
380393	29
380881	5
380942	18
381147	6
381185	8
381321	1
382946	1
383196	2
387828	5
388306	15
388597	8
389006	9
389013	6
390071	6
391481	14
392327	3
393553	8
393997	3
394062	10
395182	4
395519	5
396127	7
397124	15
397247	4
397391	12
398985	20
399203	11
399425	3
399586	21
400640	36
400794	4
401074	6
401746	1
402071	11
402293	7
403559	27
403825	8
405683	9
405843	2
405966	3
406734	17
410168	22
410212	25
410403	2
410434	9
410472	15
411271	26
412100	2
413497	2
413619	5
414609	12
414760	8
415484	7
416269	5
418287	44
418683	2
418690	8
418997	6
419826	16
419895	22
420099	21
420655	26
421263	1
421294	4
422123	4
422772	2
423304	5
423397	6
423403	9
424172	2
424288	7
424295	10
424523	2
424646	7
424745	3
425940	8
426008	3
426053	43
426060	1
426206	7
426282	5
426329	3
426350	20
426374	5
426381	16
426459	5
426503	23
426596	5
426732	15
426824	27
426848	4
426855	4
426992	1
427029	3
427586	2
429795	3
430128	15
431910	17
432238	20
432313	1
432474	30
432825	25
433129	34
433150	7
433174	6
433259	20
433594	5
433624	6
433648	30
433709	2
434133	1
434195	5
434393	1
436175	17
436908	6
437653	6
437691	6
439671	4
439725	61
440011	24
440172	22
440875	5
441896	2
442022	6
442466	16
442558	8
442954	1
442992	5
443104	12
445450	5
445511	3
445672	14
445924	51
446037	33
446402	11
446464	8
446495	1
446631	2
446655	10
447331	25
448635	5
448666	4
448932	15
450133	2
450218	4
450904	25
452786	21
453035	14
453523	16
453820	2
453875	5
453905	4
454865	4
457415	10
459297	2
460071	9
462365	12
462808	20
463805	3
465120	6
469036	16
469616	2
469692	9
469814	5
470865	13
472241	1
472616	9
472623	6
472654	40
477796	1
478229	9
478342	2
480604	12
482141	6
483247	1
483421	13
483445	26
483995	10
484121	4
484558	5
486408	40
488044	11
489157	4
489171	1
489188	10
490962	4
494076	2
495301	22
496537	5
496957	6
497879	4
499989	1
500081	1
502139	24
502443	4
502573	12
503181	7
503518	14
503983	3
504256	20
504348	3
504478	6
505147	1
506595	2
506618	3
506885	10
506892	7
511834	7
512879	1
514156	24
515030	13
515214	10
515238	26
516464	10
516549	1
516907	4
517140	2
517225	3
517898	20
518321	2
518741	1
519489	2
520010	6
520850	2
521277	29
522847	2
523110	9
523226	43
523608	2
524063	12
524209	3
524261	19
524933	9
525008	5
525251	3
525282	11
525855	2
526203	14
526531	4
526692	11
526708	6
527101	3
527514	5
527965	2
528146	1
528436	12
528450	4
528535	9
528634	7
528856	8
529297	13
529396	4
529723	19
530378	8
530583	2
531184	5
531467	9
531993	5
532631	4
532778	12
533515	5
534109	34
534482	5
534659	2
535595	1
535694	3
536011	3
536363	17
536554	6
536578	8
536615	6
536721	13
537216	20
537469	9
537742	7
537957	14
538527	4
538787	7
538923	9
539166	3
539593	4
539654	6
539937	24
539951	44
539968	10
540018	6
540643	17
540988	17
541855	5
542357	5
543316	6
543699	6
543811	9
544078	6
544092	10
544634	1
545631	3
545730	3
545747	11
545891	1
547208	29
547413	2
548397	2
548793	2
548960	5
549189	1
549219	6
549370	7
549493	4
549813	6
550017	5
550031	2
550697	5
551489	4
551588	20
552295	2
552455	6
552509	3
552615	2
553223	11
556590	1
556736	1
556798	5
557658	2
557801	5
557818	4
558075	7
558105	2
558129	4
558587	3
558723	21
559119	3
559348	5
561082	3
562102	14
562317	2
562508	18
562782	5
562980	9
563178	30
563420	10
563574	13
563628	2
564304	10
565097	6
565233	2
567244	2
568517	5
568821	3
569248	15
569583	2
570565	102
571036	2
571234	5
571715	3
572842	4
573733	7
574655	14
574662	8
575010	18
575249	2
576048	11
576338	10
576642	3
577519	5
578370	4
578523	8
578578	14
579711	4
579971	8
580519	21
580816	1
580878	14
581066	1
581523	25
581875	2
582100	21
582261	3
582292	16
582346	3
582360	2
582551	6
582612	4
582759	6
583305	3
583459	2
584180	4
584364	3
584784	7
585248	6
585392	15
585750	8
586078	21
587099	2
588232	8
588553	10
588652	3
589307	1
589499	5
590075	4
590235	7
590792	12
591935	1
592673	8
593007	3
593625	18
594691	6
595025	1
595032	5
595070	8
595155	11
595285	7
596510	6
596602	15
598484	1
601825	3
602075	4
603133	10
603249	14
603997	11
604062	16
604734	6
604796	1
605328	4
605342	11
610308	12
612098	3
616195	4
617666	4
619394	3
620215	12
620635	12
620840	6
621830	7
622417	5
623391	9
624190	18
624824	17
627573	17
628174	4
628389	1
630023	1
630047	8
630849	8
631020	19
631808	4
631938	13
636414	3
637015	13
639453	2
641159	6
642859	12
646369	7
647212	7
648240	16
649346	2
649957	6
650601	6
652223	2
653732	20
655095	31
655934	1
657914	9
659321	72
659680	4
659772	7
659819	9
659871	5
660075	9
660365	2
660396	4
660419	5
660457	12
660914	1
661447	2
661546	5
661621	1
661768	5
661973	7
662123	9
662178	2
662222	3
662444	9
662949	14
663014	7
663311	30
663489	3
663793	9
663861	9
663892	1
665766	11
666077	6
666138	9
667081	7
667234	7
667531	11
667548	18
667555	1
667685	4
668156	2
668262	15
669535	7
670753	26
671217	4
672412	2
673921	2
674393	1
674959	5
676977	1
677509	11
678018	15
678568	5
678780	16
679701	9
679879	18
679954	6
680271	4
680813	44
681162	4
682459	2
687041	7
688888	4
689168	3
689281	31
689717	18
690737	6
691734	1
692038	2
692793	9
692922	2
693004	1
693257	1
693394	12
693455	10
693707	6
694568	3
694599	3
695671	15
695855	3
695930	4
696142	4
696463	8
696937	4
697170	10
697262	2
698771	1
699365	8
699570	12
699693	1
700139	2
700733	3
700740	9
700764	2
700931	4
701532	5
701570	1
701815	8
702850	32
705707	8
706599	4
708456	9
709095	4
709415	10
710053	5
710800	4
711128	2
711210	2
711388	3
711791	9
714259	4
714860	12
715041	22
715836	3
716086	4
716123	4
716420	9
716543	3
718172	11
718417	2
718493	7
718769	4
719315	1
720113	3
721172	3
721264	9
723299	4
724067	12
724838	7
725255	3
726023	17
726504	5
726863	6
727105	23
727266	1
727983	12
729024	2
729253	8
729291	1
729895	9
729932	7
733526	2
735759	14
735766	2
735810	1
736831	11
737760	7
737913	5
738040	6
739290	2
739542	19
740203	3
740234	7
743587	7
744102	9
745130	3
745642	3
746939	4
748629	28
753067	10
753562	21
753876	22
755283	17
756488	3
756655	4
758772	2
759328	20
759502	3
760225	13
760904	10
762045	18
762687	3
763394	6
763424	10
763509	5
763851	9
764681	3
765374	6
768023	5
768139	1
768146	4
768474	13
768528	3
768535	4
768566	8
768795	11
770071	1
770460	10
771153	38
771351	23
772655	6
772839	1
773010	1
773089	2
773621	10
773904	3
774550	8
774888	3
775557	5
776349	24
776783	20
776875	3
777148	4
777582	3
777612	33
777629	27
778091	21
778138	3
778442	3
778558	4
780391	8
780582	4
781206	7
781718	6
782203	3
782326	6
783576	3
784535	2
784849	3
785952	4
786065	7
786119	3
786171	7
790109	12
790703	1
791762	10
792752	24
792943	2
793384	5
794350	7
797221	9
797351	10
797405	14
797702	10
797849	4
799355	11
799874	4
799935	5
800037	5
804912	3
806688	5
809085	5
810524	36
810920	21
811644	5
812030	1
812450	15
812931	1
813143	11
813709	4
814478	17
814928	13
816793	7
818667	5
819787	1
819817	12
820233	24
820509	10
822121	7
822213	7
822374	1
824767	4
824798	4
825306	21
825368	7
825641	14
825733	4
828291	12
828499	37
828574	15
831383	23
831864	8
832786	21
834032	5
834339	1
834452	15
834568	3
834735	2
836036	3
836364	15
837880	9
838023	5
838061	5
838115	14
838207	3
838221	6
838412	13
838450	1
838580	6
838603	2
838665	5
839105	16
839150	3
839815	4
839822	6
839983	6
840354	1
840729	9
841214	5
841771	12
842136	1
842396	11
842419	34
842464	23
842525	14
842617	13
842648	19
842754	4
843461	2
843508	9
843577	1
844413	4
845298	7
845359	4
845380	10
846295	3
846516	11
846776	11
846905	2
846929	11
848602	1
848824	4
849746	6
850865	2
850933	27
852074	15
852845	9
854276	3
855426	33
859516	2
861007	2
861014	9
861021	7
861069	2
861076	4
862059	6
862486	14
863131	12
864152	54
864855	6
865234	4
865388	1
865630	9
866170	16
866569	5
866699	2
866989	11
867382	7
868266	15
868488	3
868709	35
869058	13
869287	19
869300	3
869676	4
874328	2
877367	13
877633	4
877770	3
877992	4
878586	13
878685	4
879477	2
880923	45
881753	14
881975	3
882132	3
882491	4
882682	3
882842	14
883344	6
883627	1
883665	30
883795	21
884129	7
884310	6
884402	11
884600	4
885690	1
885959	4
886109	8
886185	2
886383	20
887397	2
887410	11
888653	16
888950	7
889285	15
889667	5
889735	7
889919	11
890502	1
890557	25
890953	11
891035	1
895040	4
895088	2
895132	10
895651	6
895675	1
897105	2
897150	8
897372	5
897679	6
897877	7
897907	15
898386	5
898409	2
898584	29
898607	18
898690	13
898713	9
898737	9
899468	8
899505	11
899543	15
899741	12
899796	3
900195	9
900423	2
900591	15
900638	25
900676	1
901383	11
901406	4
901628	7
902229	6
902540	5
902878	4
903042	5
903196	1
903264	7
903356	17
903516	4
903806	1
903974	3
904223	10
904292	7
904391	1
904438	3
904445	11
904483	3
904551	3
905077	10
905084	1
905220	12
905244	17
905558	3
905602	8
905626	11
905664	8
905787	5
905954	5
905992	13
906319	9
906388	3
906456	8
906463	1
906500	1
906739	7
906890	2
906906	2
906920	24
906944	11
907477	4
907606	11
907637	23
907811	5
908184	1
908566	1
909099	44
909327	4
909419	3
909600	3
910057	5
910101	4
910248	9
910378	1
911061	26
911429	13
911436	2
911443	4
911474	3
911665	7
911863	7
911955	1
912204	12
912433	5
912488	1
912495	4
912877	5
912884	15
912907	1
913027	1
913201	11
913263	1
913331	33
913355	2
913379	5
913386	10
913447	2
913638	16
913843	1
913904	3
914123	5
914208	4
914840	15
914925	3
915120	3
915335	4
915397	21
915434	29
915540	4
915557	1
915892	7
915977	1
915991	3
916257	1
916264	8
916301	3
916615	2
917292	9
917391	2
917582	8
917667	9
919340	16
919357	4
919425	2
919937	4
920155	1
920162	9
920308	20
920599	13
920971	31
921299	13
921480	4
921800	2
921930	3
921985	5
922456	2
922494	6
922500	4
922746	6
922753	6
922890	6
922999	3
923163	13
923422	12
923446	22
923583	5
923927	8
924023	46
924153	2
924276	5
924405	24
924474	6
924597	3
924641	8
924887	12
925013	5
925037	2
925143	7
925181	6
925365	6
925488	7
925709	5
925815	7
925822	8
925891	1
926379	1
926768	6
926867	7
926973	6
926997	1
927871	11
928144	5
928724	10
928854	20
929059	4
929066	5
929271	1
929707	3
929813	8
930178	3
930307	13
930505	3
930802	12
930949	2
931212	8
931328	20
931366	1
931649	28
931830	6
931885	5
932974	21
933070	1
933780	6
933988	14
934206	2
934367	13
934473	1
935227	4
935623	10
935739	4
936224	5
937474	1
937542	6
937832	19
938600	10
939027	2
939560	2
939751	8
939805	32
941167	3
941297	10
941884	1
941945	1
942294	11
942393	23
942515	3
943222	5
943284	18
944137	4
944168	2
944229	8
944540	6
944571	2
944595	12
944663	9
945554	5
945592	12
946223	5
946902	1
948036	1
948364	14
948401	3
948579	2
948852	14
949576	11
949583	16
950138	14
950145	9
950190	26
950411	3
950527	10
950565	33
950749	1
950817	14
950855	2
950916	7
951937	5
952187	6
952286	2
952323	1
952422	8
952521	16
952798	3
952934	5
954419	4
954426	7
954594	4
954723	12
955003	13
955188	3
955225	5
955348	5
956000	3
956031	10
956116	5
956222	6
956345	7
956710	1
956802	17
957021	1
957694	3
957748	8
957861	10
959766	4
959971	5
960250	4
960427	1
960434	7
961448	2
961554	2
961929	4
961936	1
962872	6
963060	2
963107	5
963565	8
964159	4
964951	14
965675	16
965729	2
965996	10
966245	6
966375	10
967082	12
967266	2
968102	6
968775	3
969352	3
969604	2
970563	3
971836	8
972475	8
972659	11
972673	2
973106	6
973953	5
974264	12
974561	2
974639	2
974936	7
975018	6
975186	1
978538	4
978941	6
979092	4
979313	1
979719	16
980449	1
980579	14
980739	13
982108	1
982733	3
982771	17
982894	9
983105	8
984485	3
986717	3
986809	4
987318	11
987721	12
988223	12
988728	3
988926	15
989091	6
989213	3
990479	10
990554	2
990912	6
991407	18
992206	2
992725	8
993166	8
993517	9
993852	7
993982	1
994361	25
994507	9
995030	5
995429	3
996013	1
996334	9
996488	4
996907	24
997232	4
997270	7
997447	5
998659	6
999021	3
1000375	9
1002362	4
1004373	7
1004687	9
1004694	1
1005240	19
1005493	3
1006568	1
1009330	3
1009903	3
1011241	6
1011968	6
1012392	2
1013160	1
1014020	3
1014365	8
1015294	3
1015867	12
1017267	2
1018806	9
1019605	7
1019995	2
1020342	2
1021240	1
1022612	9
1022780	5
1022995	7
1023039	2
1023121	8
1023268	9
1023510	31
1023916	10
1024395	11
1025170	5
1025521	14
1025743	1
1026054	5
1026092	1
1026191	2
1026290	12
1026320	1
1026382	9
1026528	13
1026757	12
1026870	11
1027365	1
1027518	10
1027549	35
1028225	15
1028812	17
1028959	5
1029017	18
1029420	1
1029680	13
1030648	3
1030693	6
1031119	21
1031232	31
1032185	3
1032192	2
1032215	3
1032437	4
1033106	10
1033335	2
1033571	1
1034561	3
1034660	3
1034677	6
1035292	6
1035407	2
1035780	10
1036121	2
1036978	27
1037104	1
1037517	6
1038262	11
1038361	3
1038804	34
1039139	9
1039375	4
1039528	2
1039993	12
1040142	8
1040333	1
1040456	9
1040470	6
1044737	8
1045024	4
1045147	23
1046212	7
1046571	5
1047509	6
1048261	4
1048346	6
1048353	12
1048711	13
1048872	3
1049923	4
1050172	14
1050455	2
1050592	2
1051865	1
1052756	4
1053203	1
1054910	5
1055559	1
1056501	9
1056662	2
1057164	8
1057331	1
1057485	11
1058505	3
1058727	3
1058888	16
1059427	1
1059991	6
1060607	15
1060836	6
1061437	19
1061567	1
1061574	11
1061932	2
1062311	1
1062465	2
1062489	109
1062632	8
1062700	32
1063615	3
1064438	7
1064919	1
1065152	5
1065671	10
1066005	6
1066227	2
1066401	11
1066760	7
1066968	5
1067064	2
1067927	1
1068283	1
1069211	5
1070484	13
1070736	1
1071191	1
1071252	15
1071627	1
1073348	12
1073386	14
1073416	7
1074567	6
1074659	27
1075076	5
1075229	10
1075274	7
1075717	17
1076936	9
1077971	3
1078589	17
1079456	5
1079982	41
1080032	11
1080254	8
1080360	5
1080483	3
1080926	3
1080988	12
1081251	5
1081510	2
1082777	4
1085471	8
1085624	2
1086157	3
1086676	11
1088519	2
1090192	4
1091052	34
1091502	2
1092653	12
1092936	6
1093476	12
1093513	9
1094282	5
1095234	6
1095456	2
1095661	8
1095708	2
1096019	2
1096071	8
1096095	8
1096385	12
1096613	2
1097757	8
1098143	19
1098488	13
1100105	2
1100129	2
1101072	1
1101270	1
1102390	2
1102420	23
1102895	1
1103342	11
1104479	3
1104882	16
1104905	6
1105537	2
1105889	9
1109146	1
1109887	4
1110241	15
1110388	2
1110418	8
1110500	20
1111064	5
1111224	12
1111231	16
1111248	6
1111316	1
1111668	11
1111798	2
1112276	4
1112528	4
1113068	3
1113228	23
1113235	4
1113433	22
1113563	9
1113952	12
1114171	2
1115185	5
1116625	12
1117042	20
1118148	9
1118858	5
1120042	13
1120400	8
1120479	10
1122305	25
1122411	3
1123159	3
1123395	2
1123777	26
1124439	1
1125313	3
1125962	2
1126860	13
1127065	5
1127881	15
1129151	1
1129458	33
1131987	10
1132472	4
1133943	8
1134551	2
1134582	6
1134742	4
1136364	18
1136548	4
1136562	1
1136784	3
1136791	12
1139358	1
1139402	4
1139549	10
1139570	19
1139617	8
1140118	3
1140989	17
1141238	8
1141535	20
1141658	7
1141771	9
1142006	3
1142044	60
1142198	10
1143331	6
1143676	3
1145335	3
1147667	3
1148121	7
1148282	1
1148923	6
1149647	8
1151718	4
1152180	1
1152333	5
1152623	4
1153071	28
1153569	9
1153576	76
1155891	5
1156362	34
1156591	10
1156720	1
1156843	32
1157147	3
1157185	11
1157284	6
1158816	6
1159486	20
1160079	13
1160482	8
1160611	9
1160765	3
1160802	37
1160871	5
1161212	24
1161755	3
1161984	10
1162004	1
1162820	2
1163193	5
1163674	3
1164121	8
1164152	2
1164954	15
1165197	1
1165579	22
1166026	8
1166125	5
1166507	6
1166552	3
1166675	1
1166699	5
1166965	2
1167115	44
1167443	6
1168709	28
1169140	5
1169331	11
1171433	3
1171853	7
1171990	3
1172102	7
1173154	12
1173581	3
1173611	2
1173642	2
1174076	3
1174472	11
1174557	5
1174649	2
1174885	3
1174939	12
1175196	8
1175233	36
1175851	2
1176056	10
1177145	4
1177619	14
1177695	4
1178067	9
1178777	5
1178821	1
1179491	43
1179897	14
1179958	6
1179965	22
1180961	6
1181906	7
1181951	9
1181975	1
1182002	2
1182040	2
1182101	9
1182231	7
1182507	6
1182521	5
1183061	2
1183184	9
1183290	1
1183665	4
1183931	13
1183986	1
1184334	10
1184631	2
1185089	2
1185416	30
1185560	3
1185638	5
1185881	20
1186031	9
1186116	3
1186130	3
1186253	2
1186406	3
1186451	15
1186987	20
1187137	47
1187366	1
1187410	27
1187458	3
1188097	5
1188424	1
1188608	2
1188943	1
1189049	20
1189841	11
1190809	5
1190915	2
1191004	14
1191141	14
1191165	18
1191189	3
1191219	3
1191349	9
1191417	8
1192995	25
1193787	10
1194814	14
1195101	7
1196139	10
1196672	8
1196849	13
1196986	57
1197112	12
1197334	12
1197471	1
1197495	1
1197549	2
1197624	14
1197662	10
1198010	23
1198188	8
1198454	18
1199642	5
1199864	10
1200614	3
1200850	23
1200966	6
1202182	32
1202434	15
1202458	2
1202588	13
1203134	12
1203622	3
1203653	9
1204742	11
1205053	2
1205695	5
1205787	24
1205916	9
1205954	6
1206098	8
1206814	6
1207163	3
1207828	6
1208160	6
1208481	8
1209471	9
1211184	1
1211252	5
1211412	13
1211559	7
1211665	14
1212235	6
1212600	5
1212822	22
1212839	3
1213157	9
1213201	27
1213935	14
1215359	9
1215489	4
1215557	1
1215854	6
1216530	11
1216721	13
1216998	3
1217193	2
1217544	3
1217667	17
1219333	13
1219425	19
1219593	8
1220551	4
1220810	13
1221268	18
1221534	17
1224436	12
1225396	15
1227352	11
1227468	6
1227888	12
1228069	4
1229455	11
1230017	5
1230765	8
1232042	3
1232097	3
1232967	2
1234145	4
1234367	6
1234435	7
1235661	8
1237214	1
1238471	5
1238747	3
1239126	8
1239959	12
1240351	4
1241044	21
1241655	4
1241853	6
1243598	3
1243635	18
1243888	5
1244397	23
1244991	13
1246001	1
1246094	2
1246339	1
1249163	1
1249477	2
1249491	2
1249798	1
1249910	4
1250398	13
1251173	1
1251593	4
1252224	11
1252651	1
1252712	10
1252774	11
1253054	4
1253467	12
1253627	21
1253726	13
1254532	5
1254655	3
1254914	2
1255294	15
1255706	4
1256154	7
1256352	22
1256376	17
1256468	4
1257083	1
1257137	2
1257168	9
1257212	9
1257533	7
1258851	6
1259445	5
1259896	1
1259902	3
1260243	7
1260960	27
1261189	21
1261219	7
1261509	8
1262131	13
1262193	19
1262643	6
1262766	10
1262957	1
1263114	8
1263268	38
1263947	3
1265101	9
1265415	1
1266351	15
1266368	10
1266856	9
1267327	6
1267471	1
1267884	4
1268065	3
1268584	12
1269178	2
1269819	6
1270266	5
1271027	4
1271560	3
1271683	1
1271812	7
1271874	2
1271898	6
1272963	2
1273014	4
1273588	9
1274233	5
1274592	3
1274844	11
1275360	7
1275605	2
1275728	4
1275773	11
1276091	3
1276442	3
1276459	6
1276565	21
1276725	8
1277036	1
1277890	14
1278118	5
1278163	29
1278361	2
1278682	1
1278750	17
1279368	3
1279535	4
1279962	5
1280081	5
1280999	2
1281002	8
1281286	12
1281705	3
1282320	10
1282375	15
1282795	23
1284263	5
1284423	21
1284614	9
1284911	4
1285338	2
1285536	10
1286304	14
1287622	2
1288186	9
1288254	10
1288285	2
1289244	3
1290363	13
1290905	3
1291100	8
1291315	7
1292459	7
1293098	4
1293104	11
1293708	4
1293975	11
1294064	105
1294118	6
1294187	16
1294538	10
1295948	30
1296372	29
1297232	23
1297454	3
1298130	14
1298161	4
1298475	3
1298871	3
1299519	15
1299670	4
1299717	5
1299830	2
1299854	5
1299878	8
1300307	6
1300642	9
1301274	4
1301991	4
1302103	3
1302561	15
1303100	35
1303568	3
1304299	2
1304893	22
1305586	1
1306040	23
1306255	11
1307023	21
1307306	2
1307832	9
1309881	2
1310085	11
1311020	15
1311297	14
1312003	4
1312010	10
1312140	14
1312744	7
1312768	17
1313567	20
1313611	24
1313642	37
1313697	3
1313925	8
1314052	3
1314304	4
1314564	3
1315264	9
1316841	1
1317138	9
1317770	14
1318104	2
1318395	4
1318654	8
1319538	4
1320145	9
1320282	28
1320466	13
1320572	3
1320770	15
1321814	11
1321876	2
1322231	6
1322422	3
1322804	25
1323573	3
1323764	9
1324709	10
1325164	3
1325591	1
1325683	3
1326079	2
1326093	5
1326253	46
1327205	8
1327335	30
1327915	13
1328028	8
1328066	17
1329667	16
1330182	8
1330441	30
1330458	2
1330632	17
1331592	4
1331608	14
1332292	4
1332957	24
1333398	11
1334968	1
1335668	21
1336719	15
1336962	2
1337068	6
1337433	6
1337884	30
1338461	17
1338713	1
1338744	9
1338867	4
1338898	1
1339314	7
1339345	3
1340167	3
1340181	7
1341164	3
1341645	14
1342079	5
1342345	5
1342604	7
1342611	19
1342970	10
1343403	8
1343748	5
1344363	8
1344417	3
1344431	3
1345667	14
1346046	2
1346688	9
1346893	11
1346909	5
1347661	29
1348750	30
1348927	18
1349559	16
1350098	1
1350920	4
1351248	6
1351415	5
1351699	8
1352573	4
1352702	21
1353259	2
1353365	21
1353464	5
1353822	2
1354133	10
1354249	5
1354560	16
1354737	19
1355918	8
1355925	3
1356571	3
1356915	19
1357097	4
1357134	23
1357509	6
1357547	13
1358285	8
1358315	10
1358582	4
1358766	13
1358872	25
1358995	7
1359145	14
1359220	4
1359718	56
1359831	5
1359954	32
1360240	20
1361384	40
1361919	10
1362183	20
1362312	34
1363067	3
1363432	27
1363654	4
1364156	3
1364323	1
1364378	8
1365207	51
1365412	5
1365498	12
1365719	20
1365795	18
1365863	17
1366440	11
1367096	5
1367560	17
1367737	9
1368260	8
1368284	6
1368857	5
1368987	18
1369397	13
1369533	31
1370188	8
1371086	5
1371710	8
1372267	13
1372489	18
1372656	5
1373196	5
1373639	1
1373820	5
1373943	29
1375725	4
1375800	12
1376128	17
1376586	8
1376753	3
1377316	15
1377392	3
1377835	11
1378269	3
1378504	2
1378696	3
1379266	6
1379891	1
1380293	1
1380378	6
1380545	12
1380897	6
1381887	3
1382327	3
1382525	8
1383065	11
1383225	11
1383423	4
1383669	14
1383744	13
1384062	5
1384505	25
1385199	12
1385922	1
1386080	2
1387421	8
1388176	4
1390049	17
1390933	26
1391206	12
1392210	5
1392234	4
1392944	5
1393699	9
1394078	6
1394559	56
1394627	7
1394672	1
1394795	1
1394863	16
1394870	10
1395563	8
1395730	7
1396256	14
1396393	2
1396409	15
1396676	10
1397208	5
1397543	17
1398694	6
1398816	23
1398847	12
1400083	6
1400359	9
1400397	28
1400502	2
1400588	1
1400663	2
1400748	4
1400779	2
1401141	2
1401738	4
1401783	14
1401929	1
1402674	8
1402858	30
1403503	5
1403589	22
1403640	1
1403701	5
1403947	2
1403992	20
1404012	22
1404043	6
1404319	7
1404654	5
1404791	13
1405842	3
1406078	2
1406870	17
1406900	3
1407150	11
1407396	22
1408331	34
1408898	4
1409666	6
1409727	11
1409734	25
1410273	7
1410457	1
1411492	19
1411843	3
1412253	11
1412437	12
1412468	21
1413212	40
1413243	11
1413250	29
1413311	2
1413359	8
1413410	7
1413946	14
1414240	6
1414509	4
1414677	1
1414776	9
1415018	18
1415063	3
1416442	2
1416596	2
1417371	12
1417456	5
1417661	13
1417814	17
1419474	9
1419764	18
1420050	7
1420784	9
1421415	18
1421811	3
1422108	13
1422184	5
1422627	28
1423068	23
1423297	9
1423365	37
1423860	12
1424485	4
1424584	6
1425833	10
1426809	24
1427103	1
1427257	21
1427875	4
1427912	24
1428339	4
1428674	8
1429343	6
1429510	3
1429534	16
1429923	10
1429961	6
1430592	17
1431179	4
1431391	3
1431490	3
1432411	31
1432442	5
1432503	8
1433135	18
1433425	12
1434149	8
1434927	10
1434958	11
1435207	25
1435474	29
1435825	10
1435955	10
1436334	9
1436365	19
1436891	7
1437041	8
1437478	8
1437898	22
1438123	20
1438277	9
1438291	28
1438536	14
1438581	1
1438789	5
1439274	5
1439854	23
1440638	18
1441154	5
1441390	2
1441710	7
1441789	5
1441994	53
1442250	11
1442373	13
1442472	9
1442533	22
1442540	20
1442564	2
1442694	3
1442762	13
1442847	13
1442885	10
1442915	4
1443103	18
1443141	17
1443158	1
1443165	23
1443950	16
1444605	8
1444988	3
1445756	12
1446142	4
1446661	5
1446791	5
1446838	18
1447446	8
1448054	8
1448313	4
1448818	5
1449716	17
1450545	10
1450842	32
1450941	7
1451870	24
1452709	2
1452778	10
1453119	6
1453850	17
1454048	12
1454260	1
1454420	4
1454581	7
1454697	1
1455205	5
1455748	1
1455915	21
1456103	30
1456134	8
1457193	11
1457353	13
1458060	7
1458268	4
1458572	4
1458626	5
1458886	8
1459302	11
1459784	17
1459913	12
1460681	16
1460735	8
1461589	2
1462203	2
1462371	21
1462401	1
1462609	5
1462715	38
1462784	38
1463125	1
1463347	31
1463590	7
1463606	3
1463675	7
1463743	11
1464382	21
1464764	5
1465679	2
1465686	4
1466218	15
1466362	7
1466553	12
1466720	11
1466898	24
1467291	3
1467673	12
1467710	23
1468700	5
1468762	20
1468908	8
1469233	6
1469264	22
1469271	27
1469417	7
1470178	3
1470390	3
1471168	14
1471243	27
1471298	5
1471311	20
1471342	11
1471403	25
1471700	1
1471731	2
1471939	3
1471960	17
1471977	3
1473278	8
1473858	2
1474220	6
1474640	13
1474893	11
1475074	11
1475463	49
1476095	2
1476231	6
1476484	3
1476569	5
1476644	12
1476774	8
1476859	6
1478235	1
1478549	29
1479072	8
1479485	6
1479676	1
1479874	6
1480092	3
1480146	3
1480245	13
1481082	2
1481280	13
1481518	30
1481594	13
1482171	15
1482218	8
1482317	6
1482324	10
1482430	3
1482560	3
1482614	6
1483529	11
1484342	8
1484519	6
1484588	1
1484595	2
1484687	1
1485004	9
1485097	8
1485189	26
1485639	5
1486124	7
1486292	4
1486308	2
1486384	5
1486674	10
1487053	3
1487190	5
1487497	21
1487510	6
1487619	9
1488548	10
1488593	27
1489170	1
1489675	16
1489811	3
1489828	9
1490138	3
1490190	7
1490503	62
1490671	5
1490930	6
1490954	7
1491364	1
1491746	11
1491852	2
1492002	9
1492309	9
1492774	3
1494068	16
1494570	3
1495324	6
1496413	1
1496796	1
1497090	9
1497373	4
1497410	8
1498394	11
1498936	9
1499834	16
1499889	2
1500370	7
1500417	5
1500516	5
1501186	5
1502008	2
1502145	1
1502770	16
1503241	6
1503265	16
1503647	2
1503739	5
1504156	73
1504200	33
1504477	10
1505139	8
1505221	14
1505733	12
1505955	4
1506136	2
1506143	2
1506174	2
1506310	16
1506723	3
1507126	9
1507409	17
1507829	7
1507836	6
1508260	9
1508758	9
1509403	2
1509533	15
1509724	2
1509854	7
1510096	5
1510430	2
1510447	4
1510607	8
1510805	11
1511123	10
1511529	6
1512243	20
1512434	1
1512915	1
1512946	6
1513141	31
1513738	18
1513981	14
1514346	9
1514407	7
1515626	11
1515633	2
1515749	84
1516050	3
1516203	3
1516388	12
1516494	5
1516586	36
1517033	35
1517071	2
1517989	22
1518368	17
1518467	6
1518801	9
1518986	3
1519099	8
1519129	2
1520118	20
1521061	16
1521566	10
1521573	4
1521580	8
1522396	11
1522433	3
1522525	9
1522587	20
1522655	25
1522693	8
1522761	19
1522778	20
1522815	2
1522976	6
1524000	13
1524291	5
1524345	1
1524604	6
1524673	4
1524963	43
1525076	2
1525595	4
1525861	16
1526431	6
1526929	17
1526943	1
1527179	10
1527469	4
1527841	25
1528152	7
1528176	10
1528244	8
1528329	12
1528381	1
1528619	18
1528817	1
1529067	24
1529128	20
1529258	21
1529319	5
1529739	5
1529777	11
1529999	8
1530148	2
1530162	8
1530292	6
1530308	19
1530971	18
1531084	2
1531183	34
1531909	9
1532579	5
1532821	1
1532999	7
1533057	12
1533248	41
1533286	14
1533705	72
1533873	2
1534023	12
1534092	4
1534900	7
1535044	6
1535709	4
1535716	14
1535846	16
1536126	33
1536201	31
1536218	2
1536362	6
1536706	9
1536874	4
1537321	6
1537581	13
1537598	1
1537802	3
1537918	14
1538205	22
1538526	3
1538649	26
1539042	13
1539769	5
1539820	12
1539837	11
1540017	28
1540048	3
1540710	13
1540734	6
1541236	5
1541830	16
1542424	5
1542509	5
1542684	3
1542868	2
1543438	6
1543469	40
1543650	4
1543988	1
1544060	1
1544268	16
1545005	12
1545227	22
1545319	34
1545395	4
1545500	7
1545753	8
1546095	37
1546460	9
1546842	9
1547108	9
1547818	11
1548044	14
1548969	1
1548976	4
1549072	13
1549300	9
1549515	3
1550061	21
1550085	4
1550320	2
1550368	2
1550498	11
1550511	27
1550627	3
1551068	8
1551709	3
1551716	34
1551778	2
1552072	14
1552171	25
1552331	14
1552591	4
1552966	4
1553048	28
1553109	5
1553321	14
1553673	1
1553727	6
1554335	4
1554373	1
1554649	15
1554656	4
1555028	11
1555158	6
1555424	3
1555608	9
1556018	17
1556629	15
1556797	9
1556803	7
1557107	30
1557176	5
1557206	9
1557435	28
1557510	24
1557756	33
1558012	12
1558302	4
1558418	1
1559101	8
1559316	1
1559491	9
1559750	17
1560084	11
1560091	7
1560107	12
1560190	14
1560954	1
1561029	19
1561197	9
1561432	13
1561456	5
1561517	10
1561784	11
1562156	6
1562279	11
1562903	3
1562910	6
1563139	3
1563245	13
1563252	4
1563474	6
1564143	26
1564181	40
1564860	4
1564921	8
1564952	5
1565119	1
1565300	8
1565539	6
1567113	9
1567397	2
1567441	18
1567595	4
1569223	2
1569742	26
1569902	1
1570984	25
1571073	12
1571264	17
1571769	6
1571806	4
1571813	3
1572810	1
1572827	6
1573206	3
1573367	6
1573749	3
1573879	4
1574005	35
1574135	32
1574203	9
1574791	28
1574821	32
1574852	3
1575071	33
1575149	4
1575378	2
1575415	7
1575774	10
1575842	12
1575927	19
1575996	9
1576078	1
1576146	17
1576498	2
1576641	8
1576979	11
1577082	16
1577143	14
1577211	37
1577495	11
1577648	27
1577808	34
1578065	15
1578515	3
1578607	3
1578614	10
1578669	12
1578676	5
1578867	25
1579000	1
1579291	1
1579505	11
1579727	1
1580655	7
1581652	13
1581713	19
1581966	22
1582093	11
1582468	9
1582925	3
1583205	16
1583281	7
1583298	7
1583663	35
1583670	2
1584189	7
1584318	19
1584356	16
1584516	10
1584691	10
1585094	4
1585100	30
1585131	35
1585735	43
1585933	11
1585964	8
1586046	38
1586282	7
1586558	9
1586640	9
1587067	2
1587203	8
1587241	18
1587586	32
1587647	2
1587685	7
1587722	7
1588231	2
1588606	32
1588705	4
1588743	7
1588750	12
1588835	14
1589221	31
1589481	4
1589917	8
1591729	10
1592054	1
1592153	1
1592160	28
1592238	2
1592313	15
1592405	24
1592481	1
1592597	9
1592658	9
1592665	11
1592863	2
1593006	1
1593112	5
1593426	24
1593723	3
1593808	1
1593815	4
1593839	8
1593853	1
1594089	2
1594454	44
1595024	25
1595079	3
1595222	6
1595246	2
1595260	7
1595413	7
1596175	2
1596359	5
1596373	26
1596397	14
1596496	1
1596625	8
1597042	12
1597158	15
1597516	29
1597653	8
1597837	3
1597868	3
1598155	11
1598490	3
1598612	3
1599398	7
1599596	2
1599695	21
1600117	2
1600223	12
1600230	5
1600285	13
1600339	7
1600667	1
1601404	1
1601411	15
1601442	1
1601817	4
1602111	17
1603040	4
1603071	1
1603101	20
1603217	8
1603231	12
1603262	4
1603309	27
1603453	20
1603781	7
1603835	4
1604047	11
1604054	2
1604061	7
1604184	9
1604238	3
1604467	22
1604993	4
1605150	6
1605174	11
1605242	3
1605518	2
1605662	17
1605679	46
1605976	6
1606065	4
1606263	20
1606379	1
1606577	2
1606843	16
1606911	7
1607000	5
1607093	6
1607222	7
1607239	25
1607246	4
1607628	10
1607635	17
1607840	4
1607901	4
1608076	5
1608267	4
1608335	11
1608939	24
1609042	23
1609127	7
1609448	12
1609578	4
1609653	7
1609790	5
1610055	6
1610758	10
1611311	13
1611533	3
1611601	16
1611816	32
1612004	11
1612011	13
1612332	3
1612431	1
1612530	5
1612578	2
1612639	15
1612721	14
1612882	30
1613926	1
1613933	2
1614336	7
1614725	8
1614770	6
1615593	17
1615661	18
1615678	7
1615838	1
1615883	5
1616125	14
1616200	13
1616446	1
1616897	1
1616965	12
1617153	3
1617245	11
1617696	12
1617757	2
1617771	14
1617887	11
1618037	4
1618075	13
1618082	2
1618129	3
1618433	8
1618556	6
1618716	8
1618723	3
1618853	13
1618907	4
1619157	8
1619485	2
1619515	21
1619584	2
1619669	8
1619836	7
1619850	11
1619904	11
1619911	23
1620009	16
1620320	1
1620382	1
1620443	17
1620894	5
1620979	1
1621068	3
1621112	1
1621372	7
1621389	3
1621501	1
1621518	6
1621532	20
1621624	6
1621631	11
1621945	14
1622041	4
1622065	7
1622287	17
1622324	5
1622348	14
1622355	36
1622683	4
1623123	31
1623277	9
1623376	3
1623505	2
1623727	8
1623918	20
1623994	10
1624175	55
1624304	11
1624397	3
1624410	4
1625202	22
1625271	12
1625301	2
1625660	14
1625882	6
1625905	20
1626193	10
1626254	4
1626292	17
1626360	16
1626384	4
1626438	3
1626797	9
1626995	10
1627183	3
1627466	12
1627510	2
1627534	19
1627732	17
1627794	3
1627824	3
1627862	7
1628012	20
1628043	1
1628111	1
1628272	6
1628395	16
1628586	11
1628609	8
1628746	4
1629149	8
1629415	3
1629644	4
1630015	11
1630381	3
1630619	2
1630633	33
1630732	24
1630954	8
1631043	2
1631111	5
1631739	10
1631920	11
1632033	3
1632286	17
1632460	11
1632507	15
1632606	3
1632699	1
1632743	5
1632811	10
1633245	12
1633313	4
1633320	10
1633405	9
1633634	8
1633641	14
1633702	5
1633832	36
1634082	20
1634129	10
1634518	2
1634525	6
1634587	33
1634808	23
1635010	2
1635225	40
1635508	3
1635614	12
1635768	11
1635966	34
1636154	30
1636550	10
1636741	2
1637076	23
1637083	15
1637106	14
1637199	3
1637236	12
1637243	9
1637274	15
1637335	10
1637489	4
1637526	8
1637649	5
1637755	10
1637960	2
1638066	2
1638073	17
1638080	13
1638097	2
1638141	8
1638158	28
1639193	6
1639377	4
1639582	8
1639612	29
1639872	6
1640052	4
1640304	1
1640328	23
1640380	9
1640434	15
1640496	5
1640526	4
1640908	5
1641158	18
1641172	58
1641202	6
1641264	4
1641288	6
1641523	40
1641769	3
1641912	19
1641950	5
1642056	16
1642100	8
1642391	5
1642698	13
1642711	10
1642766	1
1642827	8
1642896	3
1643046	22
1643350	33
1643558	11
1643947	14
1644166	15
1644227	18
1644333	3
1644371	6
1644500	11
1644616	10
1644715	8
1645170	28
1645194	1
1645200	9
1645446	5
1645835	39
1646313	7
1646368	5
1646375	12
1646528	6
1646542	21
1646795	4
1647457	22
1647594	26
1647983	7
1648102	6
1648232	12
1648331	10
1648744	3
1648850	21
1648904	17
1649017	2
1649093	10
1649277	14
1649376	7
1649512	7
1649666	5
1649949	6
1650037	6
1650044	6
1650075	28
1650464	11
1650501	1
1650525	1
1650624	23
1650860	1
1650914	34
1651232	3
1651294	2
1651492	5
1651560	25
1651898	3
1651942	3
1652123	30
1652451	4
1652611	9
1652642	7
1652710	24
1652819	5
1652956	19
1653953	6
1654400	2
1654745	19
1654851	3
1655025	1
1655094	6
1655353	4
1655612	7
1655650	3
1655667	1
1655728	8
1655766	12
1655971	6
1655995	5
1656022	17
1656114	4
1656367	6
1656381	3
1656435	4
1656503	1
1656510	5
1656664	3
1657401	11
1657692	64
1657814	17
1657852	3
1657920	4
1657951	5
1657982	13
1658019	1
1658118	28
1658125	8
1658286	3
1658323	7
1658385	6
1658545	11
1658774	18
1658804	3
1659252	7
1659269	3
1659467	13
1659474	4
1659719	9
1659726	16
1659740	6
1659856	2
1660067	1
1660203	37
1660234	1
1660289	8
1660319	15
1660326	4
1660418	12
1660517	2
1660562	13
1660654	1
1661040	18
1661316	28
1661354	9
1661569	10
1661606	7
1662122	9
1662184	8
1662337	4
1662375	36
1662504	5
1662757	21
1662771	6
1662825	6
1662863	6
1663204	17
1663266	11
1663389	2
1663495	3
1663655	26
1664058	2
1664140	10
1664997	1
1665031	9
1665352	2
1665550	16
1665918	3
1666199	3
1666311	7
1666397	9
1666403	15
1666410	9
1666755	6
1666793	3
1666908	10
1667332	10
1667479	10
1667684	4
1668056	8
1668117	2
1668704	5
1668773	3
1668797	8
1669121	10
1669251	23
1669381	6
1669398	13
1669480	10
1669589	1
1669671	20
1669879	10
1669916	11
1669930	6
1670387	11
1670424	2
1670684	3
1670899	1
1670981	4
1671063	5
1671186	6
1671353	7
1671544	25
1671551	22
1671636	6
1671650	5
1671704	3
1671872	7
1672107	4
1672220	3
1672534	4
1672756	3
1673081	10
1673098	11
1673678	2
1674200	2
1674521	2
1674767	26
1674828	6
1674989	7
1675054	6
1675207	9
1675412	4
1675498	8
1675528	1
1675986	4
1676044	21
1676136	2
1676181	14
1676556	2
1676860	1
1676945	14
1677102	2
1677201	14
1677676	16
1677768	8
1677966	1
1678147	6
1678161	15
1678550	8
1678581	20
1679182	5
1679335	1
1679601	10
1679663	4
1679700	4
1679717	33
1679953	6
1680195	5
1680232	15
1680355	5
1680362	1
1680386	10
1680492	12
1680539	10
1680584	13
1680683	7
1680737	5
1680843	1
1680928	4
1680935	8
1681413	7
1681536	1
1681550	2
1681574	2
1681734	5
1681796	8
1681826	8
1682434	4
1682571	1
1682809	1
1683011	1
1683059	2
1683080	10
1683660	22
1683714	2
1683790	1
1684223	21
1684308	3
1684421	3
1684469	8
1684728	7
1684865	10
1684957	3
1685060	4
1685565	3
1685824	7
1685961	35
1686821	4
1687088	8
1687187	6
1687231	5
1687477	3
1687651	8
1688092	3
1688108	14
1688207	2
1688283	13
1688368	4
1688429	40
1688436	29
1688450	11
1688467	7
1688498	7
1689037	5
1689679	7
1689945	17
1689952	19
1689983	18
1690002	13
1690026	4
1690385	1
1690545	3
1690644	4
1690651	13
1690859	32
1690989	21
1691672	6
1691740	7
1691856	13
1691917	3
1691924	6
1692136	9
1692280	3
1692396	20
1692488	4
1692655	5
1692839	5
1693089	9
1693119	6
1693126	5
1693195	10
1693287	3
1693492	3
1693720	1
1693751	4
1693942	11
1694109	1
1694178	21
1694239	25
1694284	2
1694581	24
1694772	2
1695007	2
1695380	13
1695397	3
1695816	6
1695823	10
1695830	1
1695847	2
1695960	31
1696066	12
1696165	11
1696240	37
1696288	2
1696448	18
1696592	18
1697070	6
1697179	25
1697414	7
1697469	14
1698046	6
1698503	7
1698879	10
1699982	21
1700152	2
1700282	4
1700381	8
1700527	4
1700718	7
1700787	8
1700879	2
1700947	5
1700992	3
1701074	4
1701173	6
1701227	17
1701517	1
1702262	3
1702293	2
1702361	9
1702590	3
1702675	11
1702804	2
1702880	11
1702996	9
1703214	26
1703788	7
1703825	7
1703856	7
1703955	26
1703962	4
1704013	1
1704204	11
1704259	9
1704389	17
1704419	6
1704723	28
1704792	1
1704839	14
1704853	3
1704907	3
1704983	4
1705607	6
1705713	3
1705898	1
1705935	4
1706024	8
1706406	33
1706536	23
1707007	2
1707014	8
1707090	15
1707304	17
1707373	1
1707847	23
1708561	4
1708615	3
1708622	7
1708820	5
1708844	10
1708950	1
1709056	17
1709230	9
1709254	19
1709582	12
1709933	12
1710076	2
1710311	13
1710366	1
1710465	8
1710472	3
1710601	2
1711028	34
1711035	22
1711417	2
1711691	6
1711738	6
1711837	3
1711844	1
1712049	1
1712254	22
1712353	14
1712575	8
1712605	5
1713299	35
1713343	18
1713466	4
1713732	1
1713930	6
1713978	4
1714012	1
1714845	7
1714876	1
1714883	17
1715057	21
1715095	19
1715187	15
1715439	4
1715514	12
1715699	10
1715767	6
1715934	4
1715958	1
1716078	2
1716214	4
1716467	4
1716689	3
1716849	1
1716863	2
1717228	9
1717358	7
1717501	15
1717723	6
1717891	22
1718065	41
1718164	12
1718447	15
1718676	1
1718706	2
1718850	12
1718973	15
1718980	3
1719109	3
1719116	3
1719499	7
1719512	9
1719857	2
1719888	31
1719963	8
1720006	32
1720549	3
1720952	22
1721270	15
1721324	1
1721379	8
1721447	8
1721515	7
1721638	5
1721805	37
1722277	20
1722284	1
1722352	2
1722437	4
1722451	1
1722703	9
1723045	6
1723328	14
1723397	2
1723403	12
1723649	2
1723939	14
1723960	5
1723991	6
1724219	11
1724462	2
1724479	5
1724486	7
1724547	4
1724752	37
1724790	17
1724950	12
1725032	2
1725049	7
1725186	11
1725735	2
1725988	2
1726299	8
1726480	1
1726534	14
1726558	8
1726619	24
1726800	3
1726824	6
1727241	13
1727289	9
1727418	10
1727630	3
1727975	1
1728125	6
1728187	4
1728422	1
1728507	7
1728514	1
1728538	7
1728545	12
1728668	1
1728767	9
1728781	10
1728941	6
1728958	8
1728996	4
1729016	6
1729306	16
1729337	1
1729351	3
1729955	26
1730234	2
1730333	3
1730579	6
1730647	4
1730722	6
1730876	15
1731071	3
1731248	13
1731415	1
1731422	13
1731569	5
1731682	24
1731774	1
1732023	8
1732061	2
1732344	6
1733204	16
1733228	3
1733266	2
1733334	5
1733426	13
1733464	2
1733778	2
1733884	4
1733938	1
1733952	2
1734126	12
1734171	4
1734362	6
1734539	9
1734621	2
1734881	3
1735109	13
1735253	14
1735352	6
1735406	10
1735475	6
1735673	42
1735727	10
1735819	2
1735925	4
1736298	7
1736670	7
1737141	10
1737325	1
1737417	23
1737462	5
1737769	9
1737899	2
1737981	4
1738117	3
1738124	6
1738667	27
1738759	2
1738858	3
1739169	12
1739268	7
1739299	13
1739350	12
1739909	3
1739978	28
1740059	2
1740387	2
1740417	27
1740530	4
1740653	8
1740776	58
1740790	12
1740844	10
1740882	12
1741018	8
1741100	13
1741155	5
1741247	5
1741261	10
1741384	1
1741391	9
1741438	20
1741469	2
1741810	1
1741902	25
1742138	5
1742152	6
1742466	4
1742572	12
1742596	1
1742725	6
1742855	16
1742893	5
1742916	14
1744606	5
1745269	2
1745290	6
1745443	3
1745726	16
1745764	6
1746044	5
1746075	6
1746167	11
1746235	23
1746587	8
1746747	5
1746853	8
1747003	3
1747225	3
1747256	7
1747270	30
1747331	11
1747706	8
1747799	4
1748017	4
1748031	6
1748338	2
1748536	11
1748758	4
1748901	11
1748918	6
1748932	4
1749342	4
1749618	7
1749847	1
1749939	4
1750119	4
1750270	3
1750317	18
1750409	2
1750430	1
1750713	5
1750720	6
1751000	3
1751017	2
1751185	10
1751246	25
1751253	2
1751796	4
1751871	18
1751949	4
1751994	6
1752069	6
1752076	3
1752199	7
1752670	4
1752878	9
1752939	5
1753110	1
1753141	3
1753202	10
1753394	40
1753424	6
1753523	7
1753813	10
1753882	8
1754025	7
1754100	2
1754186	3
1754292	5
1754582	8
1754612	2
1754698	7
1754766	9
1755039	4
1755299	10
1755343	17
1755619	4
1755787	19
1755824	1
1755909	10
1756449	9
1756609	2
1756807	11
1756821	6
1756913	3
1757002	4
1757231	29
1757361	1
1757729	2
1757781	3
1757811	12
1757880	10
1758207	7
1758313	6
1758412	8
1759037	10
1759181	11
1759372	12
1759419	1
1759693	4
1759747	4
1759938	9
1760026	22
1760200	1
1760217	2
1760231	5
1760613	8
1760637	9
1761023	2
1761382	23
1761443	4
1761580	9
1761627	33
1761733	13
1761740	3
1762136	6
1762204	6
1762259	14
1762402	1
1762662	5
1762679	4
1763133	14
1763225	3
1763577	9
1763744	15
1763836	5
1763850	5
1764093	8
1764338	3
1764567	8
1764598	4
1764604	21
1764611	3
1764802	2
1764826	4
1764857	10
1764864	3
1764895	8
1764956	1
1765076	9
1765090	6
1765335	10
1765403	21
1765472	3
1765526	3
1765557	3
1765625	20
1765908	2
1766028	4
1766035	5
1766059	14
1766110	3
1766288	33
1766387	2
1766554	14
1766646	7
1766875	23
1766998	42
1767032	10
1767070	3
1767179	1
1767278	21
1767292	8
1767322	10
1767391	2
1767506	1
1767643	2
1768121	11
1768138	3
1768152	14
1768237	2
1768404	1
1768503	1
1768558	1
1768589	4
1768657	26
1768794	7
1769302	4
1769593	4
1770001	30
1770018	6
1770100	9
1770278	19
1770285	19
1770315	10
1770377	5
1770766	7
1770872	33
1771053	3
1771732	2
1771770	3
1772326	7
1772432	8
1772807	5
1772845	1
1773040	1
1773149	4
1773156	1
1773576	1
1773743	1
1773750	6
1773828	2
1773880	4
1774078	4
1774153	7
1774436	4
1774641	15
1774672	1
1774801	2
1774900	4
1774955	49
1775112	1
1775471	4
1775518	7
1775631	1
1775655	2
1776423	7
1776492	3
1777369	6
1777680	1
1777789	5
1777932	4
1777970	10
1778007	2
1778410	4
1778434	23
1778588	2
1778618	1
1778977	3
1779257	18
1779288	25
1779295	9
1779448	4
1779790	14
1779929	4
1780000	11
1780284	3
1780321	9
1780338	9
1780406	7
1780536	13
1780635	4
1780659	1
1780871	1
1780956	2
1780994	2
1781182	1
1781274	1
1781823	21
1781946	2
1781991	11
1782066	3
1782530	7
1782844	8
1783032	4
1783445	4
1783599	8
1784107	5
1784251	1
1784763	2
1784985	1
1785449	4
1785470	19
1785630	1
1785654	2
1785814	6
1785883	2
1785968	4
1785982	5
1786149	3
1786439	28
1786484	3
1786491	5
1786965	5
1787085	5
1787146	12
1787207	2
1787283	27
1787290	7
1787306	6
1787412	1
1789195	3
1789225	1
1790207	2
1790276	8
1790351	6
1790566	33
1790610	7
1791112	4
1791129	27
1791242	1
1791792	1
1791808	5
1792010	4
1792102	1
1793109	6
1793284	31
1793604	4
1793864	21
1794021	4
1794038	5
1794168	3
1794175	4
1794182	1
1794199	2
1794335	1
1794533	2
1794779	21
1794793	26
1795004	8
1795295	7
1795899	7
1795936	18
1796049	11
1796100	7
1796124	8
1796537	14
1796674	1
1796735	7
1796742	6
1796919	4
1797138	21
1797268	1
1797312	7
1797381	32
1797565	8
1797879	9
1798210	4
1798272	7
1798296	1
1798401	1
1798593	5
1798708	11
1798777	6
1799484	3
1799545	1
1799552	4
1799651	8
1799682	9
1799699	3
1799705	12
1800074	6
1800159	5
1800395	14
1800500	7
1801101	12
1801170	15
1801811	8
1802061	1
1802450	9
1802566	4
1802948	5
1803457	10
1803501	2
1803716	20
1803730	1
1803747	22
1803907	40
1804126	4
1804331	5
1804393	10
1804744	10
1804768	3
1805086	7
1805147	7
1805239	6
1805550	4
1805680	1
1805840	5
1806168	4
1806366	1
1806496	20
1806809	2
1806960	10
1807394	13
1807530	11
1807714	13
1807813	4
1807967	2
1808001	1
1808131	5
1808315	2
1808735	12
1808841	4
1808858	4
1809220	13
1809251	9
1809350	16
1809404	15
1809503	4
1809664	2
1809688	12
1809718	1
1809817	2
1810752	2
1810806	4
1810837	6
1810981	9
1811063	27
1811308	7
1811599	2
1811629	1
1811650	30
1811919	7
1811926	5
1812404	6
1812534	3
1812770	3
1812978	3
1813470	7
1813661	16
1813739	34
1813845	25
1814156	2
1814163	10
1814439	5
1814699	4
1815023	34
1815108	3
1815269	10
1815276	9
1815559	19
1816051	12
1816303	5
1816518	4
1816556	13
1816792	3
1816839	1
1817027	3
1817096	7
1817270	18
1817348	4
1817362	3
1817546	1
1817553	27
1817935	2
1818260	6
1818307	30
1818406	2
1818468	4
1818802	8
1818819	3
1818918	11
1819083	7
1819328	8
1819557	4
1819977	12
1820010	1
1820461	3
1820546	13
1821031	3
1821147	5
1821192	1
1821253	16
1821390	7
1822014	2
1822175	6
1822328	4
1822373	3
1822717	6
1822953	3
1823240	4
1823660	10
1823745	4
1824209	6
1824346	3
1824599	7
1824681	15
1824971	3
1825053	11
1825275	25
1825459	1
1825466	8
1825473	3
1826050	13
1826333	4
1826395	2
1826517	5
1826555	17
1826975	17
1827057	1
1827125	5
1827231	21
1827378	4
1827477	4
1827569	2
1827736	7
1827781	2
1827873	4
1827958	3
1828146	4
1828474	7
1828764	16
1828818	7
1829495	3
1829709	2
1830019	2
1830224	6
1830378	15
1830446	1
1830521	4
1830682	8
1830699	27
1830859	4
1831221	12
1831320	14
1832082	24
1832150	9
1832266	16
1832327	5
1832433	5
1832846	1
1832921	4
1833010	2
1833256	39
1833737	8
1833751	1
1833799	6
1833881	3
1833935	11
1834062	14
1834192	1
1835144	5
1835250	3
1835489	12
1835557	7
1835588	4
1835663	6
1836349	5
1836387	8
1836462	6
1836493	12
1836516	6
1836523	4
1836998	6
1837018	18
1837148	10
1837537	2
1837889	13
1838008	8
1838015	7
1838398	8
1838862	5
1838909	3
1838916	8
1839012	2
1839036	16
1839319	2
1839555	17
1839791	13
1840261	1
1840384	1
1840674	1
1840957	50
1841626	4
1841664	6
1841824	13
1842111	4
1842166	6
1842180	3
1842326	14
1842463	48
1842975	3
1842999	4
1843255	6
1843262	5
1843392	4
1843453	1
1843552	4
1843828	14
1843835	7
1843880	2
1843910	1
1844054	13
1844160	2
1844481	16
1844955	15
1845525	3
1845648	2
1845747	5
1845754	4
1845778	21
1845839	15
1845884	1
1845945	19
1845976	18
1845983	16
1845990	10
1846003	4
1846072	9
1846119	4
1846195	12
1846225	20
1846256	16
1846263	3
1846317	2
1846348	2
1846362	7
1846386	24
1846393	10
1846416	50
1846478	3
1846492	34
1846539	1
1846546	14
1846553	16
1846560	3
1846607	11
1846621	12
1846652	3
1846669	26
1846676	7
1846683	11
1846690	29
1846706	21
1846737	9
1846751	10
1846768	2
1846812	5
1846829	7
1846867	1
1846904	41
1846911	2
1846928	10
1846935	3
1846942	12
1847024	7
1847031	3
1847062	6
1847116	10
1847147	11
1847154	3
1847178	5
1847185	8
1847260	8
1847567	21
1847703	5
1847796	40
1847987	14
1847994	45
1848045	9
1848151	3
1848168	3
1848182	13
1848205	8
1848243	22
1848267	25
1848274	1
1848311	2
1848335	8
1848359	4
1848410	23
1848434	12
1848496	9
1848519	7
1848564	9
1848571	6
1848588	6
1848601	12
1848618	10
1848656	6
1848687	36
1848809	2
1848816	1
1848946	22
1849165	11
1849219	3
1849226	15
1849332	12
1849417	2
1849677	4
1850017	4
1850154	1
1850345	10
1850444	18
1850475	1
1850543	11
1850666	20
1850925	2
1851052	1
1851441	16
1851731	7
1851762	1
1851816	4
1851854	3
1851953	4
1852035	2
1852042	3
1852172	1
1852523	7
1852998	9
1853018	2
1853322	22
1853827	10
1853919	4
1853933	11
1854107	30
1854152	3
1854299	10
1854909	9
1855371	14
1855494	25
1855562	21
1856033	18
1856057	3
1856088	7
1856095	1
1856118	1
1856156	7
1856354	2
1856477	12
1856569	1
1856699	4
1856781	2
1856835	5
1856859	2
1856996	5
1857801	4
1858136	13
1858198	9
1858204	2
1858273	7
1858303	2
1858372	7
1858396	6
1858440	3
1858457	3
1858761	11
1859300	12
1859447	2
1859546	3
1859805	14
1860092	9
1860245	16
1860276	10
1860696	38
1860887	2
1860917	5
1861136	3
1861396	5
1861556	2
1861877	9
1861907	1
1861990	13
1862690	5
1862829	8
1864168	1
1866025	5
1866261	8
1866353	27
1866773	10
1867060	10
1867268	18
1867282	5
1867510	6
1867701	6
1867770	12
1867923	16
1868234	24
1868609	27
1868647	3
1868685	1
1868821	7
1868883	5
1869347	3
1869415	4
1869521	10
1869736	8
1869798	7
1869965	103
1870022	1
1870220	5
1870831	4
1870855	32
1870985	9
1870992	4
1871241	5
1871463	4
1871623	2
1871722	18
1871838	2
1871975	9
1872088	2
1872125	3
1872491	4
1872514	11
1872958	1
1873054	9
1873139	6
1873252	4
1873269	11
1873290	3
1873306	5
1873313	1
1873436	3
1873498	7
1873658	51
1873719	61
1873726	5
1874549	7
1874600	7
1874914	4
1875072	10
1875379	6
1875645	8
1875652	7
1875744	2
1876154	4
1876307	12
1876321	22
1876444	11
1876536	3
1876543	2
1876765	13
1877229	14
1877366	1
1877403	21
1877557	3
1877779	1
1877939	6
1878011	5
1878318	4
1878349	2
1878387	1
1878547	10
1878561	17
1878943	2
1878981	10
1879285	11
1879582	14
1879872	1
1879964	3
1880281	5
1880557	16
1880601	1
1880618	1
1880670	2
1880991	23
1881004	1
1881110	2
1881424	2
1881974	20
1882186	18
1882193	7
1882353	17
1882520	2
1882537	5
1883381	4
1883398	4
1883497	5
1883527	31
1884470	12
1884821	5
1885170	25
1885682	2
1885705	36
1885965	8
1886061	5
1886184	11
1886245	17
1886306	8
1886573	15
1886733	2
1887020	9
1887051	1
1887082	6
1887266	11
1887754	8
1887778	7
1887846	9
1887884	1
1887938	1
1888072	8
1888317	9
1888614	8
1888805	17
1888874	13
1889031	4
1889147	24
1889284	8
1889338	2
1889444	1
1889574	3
1889598	6
1889635	5
1889819	8
1890136	5
1890242	7
1890532	14
1890549	8
1890587	11
1890662	6
1890754	14
1891454	2
1891492	2
1891515	1
1891645	9
1891720	12
1891898	1
1891935	16
1892161	5
1892468	4
1892666	7
1892673	7
1892802	2
1892895	4
1892949	9
1892994	1
1893038	10
1893120	3
1893168	14
1893311	4
1893342	1
1893434	4
1893458	7
1893519	8
1893540	3
1893878	23
1893908	11
1894028	5
1894080	2
1894424	1
1894530	1
1894660	3
1894745	1
1894813	6
1894974	3
1895278	18
1895575	5
1895919	12
1896121	11
1896138	5
1896251	14
1896466	27
1896756	1
1896817	2
1896893	3
1897234	2
1897401	1
1897500	22
1898200	11
1898316	8
1898699	5
1899061	5
1899238	3
1899245	8
1899375	1
1899474	4
1899771	3
1899801	6
1899849	7
1899887	12
1899955	22
1900101	13
1900231	1
1900255	6
1900361	3
1900460	2
1900675	6
1900897	10
1900934	14
1901047	2
1901832	3
1902266	8
1902716	5
1902877	1
1903140	9
1903317	2
1903669	3
1904222	10
1904390	1
1904680	9
1904802	6
1905090	9
1905168	11
1905236	2
1905304	6
1905885	2
1905953	7
1906028	6
1906103	5
1906318	9
1906578	8
1906745	3
1907209	6
1907391	17
1907803	12
1908176	15
1908336	7
1908350	13
1908466	2
1908503	3
1909258	30
1909470	9
1910049	6
1910216	2
1910698	1
1911060	12
1911107	1
1911732	19
1911749	17
1911855	15
1911978	21
1912234	9
1912456	5
1912531	7
1913491	4
1913699	1
1913743	1
1913774	3
1914399	7
1914566	2
1914580	10
1914924	7
1915006	2
1915020	5
1915044	19
1915259	6
1915617	4
1915884	2
1916492	7
1916546	6
1916553	1
1916751	16
1917451	10
1917482	3
1917710	13
1917802	7
1918144	4
1918670	6
1918687	9
1918885	3
1918939	9
1918991	6
1919011	6
1919288	2
1919332	8
1919486	7
1919509	8
1919516	7
1919943	33
1920130	4
1921311	60
1921557	17
1921908	8
1922158	9
1923353	5
1923483	5
1923803	17
1924503	8
1924558	4
1925586	8
1926019	3
1926040	4
1926262	8
1926453	2
1926736	7
1926781	17
1927153	3
1927351	1
1927856	4
1927979	4
1928075	4
1928938	1
1929041	4
1929263	2
1929713	12
1929775	3
1930146	2
1930214	16
1930351	1
1930542	1
1931358	4
1931594	3
1931600	5
1931884	19
1932737	12
1932904	7
1933529	8
1933567	20
1933703	2
1933802	7
1935370	2
1935936	12
1936001	8
1936216	10
1936346	8
1936605	2
1936889	17
1936971	9
1937497	5
1937701	1
1938739	18
1940275	3
1940435	3
1940503	1
1940848	7
1940930	2
1940954	6
1941012	2
1941135	3
1941319	4
1941388	12
1942361	4
1942736	8
1943047	2
1943535	20
1943559	5
1944259	2
1944532	17
1944723	8
1944785	3
1944990	2
1945041	12
1945249	9
1945256	24
1945409	14
1945669	6
1945690	4
1946178	4
1946208	1
1946482	3
1946567	20
1946659	3
1946680	16
1947168	3
1947199	15
1947502	7
1947663	3
1948097	16
1948127	2
1948660	3
1949148	10
1949476	9
1949919	5
1950014	2
1950021	9
1950106	9
1950182	20
1950366	19
1950663	4
1950830	1
1950892	37
1951097	8
1951325	4
1951509	2
1951547	8
1951684	4
1951912	10
1951936	5
1952049	1
1952278	5
1952797	5
1952995	8
1953220	1
1953299	9
1953343	8
1953572	10
1953589	12
1954173	6
1954296	1
1954302	2
1954845	7
1955675	9
1956092	1
1956405	15
1956696	6
1957211	5
1957280	1
1957860	2
1958140	1
1958362	5
1958409	4
1958584	5
1958690	14
1959307	17
1959604	2
1959635	5
1959703	5
1959956	3
1959987	4
1959994	2
1960044	15
1960068	9
1960112	9
1960440	8
1960464	10
1960518	4
1960525	1
1960792	18
1960846	4
1960983	5
1961140	14
1961355	5
1961478	26
1961676	15
1962277	15
1962383	1
1962680	7
1962871	7
1963274	5
1963847	11
1964295	16
1964417	13
1964578	2
1964714	18
1964776	2
1965025	4
1965070	3
1965773	7
1966664	1
1966831	5
1966886	4
1967364	11
1967463	18
1967548	7
1967586	15
1967852	7
1968033	2
1968163	1
1968286	4
1968392	4
1968484	9
1968903	9
1969504	2
1969528	5
1970029	3
1970494	21
1970753	12
1970968	4
1971064	31
1971071	3
1971156	11
1971309	4
1971644	1
1971712	2
1971811	20
1971842	1
1971866	2
1971880	24
1972085	4
1972184	22
1972245	14
1972337	16
1973075	9
1973167	4
1973334	1
1973532	3
1973556	2
1973648	13
1973853	1
1974119	2
1974133	1
1974454	11
1974478	4
1974492	2
1974515	1
1974690	7
1974713	3
1974973	9
1975420	5
1975673	7
1975765	6
1975895	26
1975956	25
1976236	16
1976250	6
1976267	1
1976410	5
1976502	4
1976700	6
1976717	11
1976786	11
1976847	27
1977004	18
1977134	1
1977165	10
1977370	10
1977561	57
1977882	4
1978278	2
1978438	3
1978957	1
1978995	13
1979084	2
1979145	1
1979213	2
1979244	9
1979367	9
1979428	1
1979589	3
1979596	1
1980073	6
1980110	36
1980134	4
1980165	6
1980264	14
1980295	7
1980554	8
1980653	2
1980783	6
1981049	10
1981186	2
1981353	3
1981377	6
1981421	13
1981896	6
1981995	5
1982305	1
1982312	4
1982381	7
1982442	10
1982640	24
1982886	2
1983272	7
1983302	32
1983333	4
1983463	4
1983470	5
1983531	9
1983616	5
1983777	2
1983937	2
1984057	8
1984217	5
1984309	6
1984705	4
1984712	12
1984767	17
1984781	3
1985054	6
1985078	4
1985092	3
1985139	8
1985191	2
1985276	4
1985665	4
1985733	9
1985801	3
1986556	4
1986570	8
1986693	5
1986709	4
1986938	1
1987065	1
1987072	2
1987393	7
1987577	7
1987751	4
1987782	3
1987843	19
1988161	14
1988291	5
1988574	2
1988901	11
1989052	9
1989472	4
1989595	8
1989601	6
1989700	6
1989854	3
1990225	6
1990379	3
1990409	9
1990454	17
1990485	20
1990508	9
1990614	11
1990836	38
1991178	13
1991437	3
1991741	8
1991833	9
1991932	8
1992298	7
1992311	4
1992335	8
1992793	11
1992946	1
1992953	5
1993455	7
1993523	1
1993639	3
1993844	1
1993912	3
1993950	8
1994063	4
1994612	9
1994698	17
1995206	2
1995510	1
1995640	14
1995954	1
1995961	3
1996036	11
1996210	5
1996289	8
1996487	2
1996548	5
1996616	1
1996708	4
1996838	12
1996876	1
1996883	12
1996937	10
1997125	7
1997255	10
1997262	1
1997293	15
1997873	18
1997965	8
1998160	12
1998214	12
1998542	5
1998566	4
1999020	4
1999037	1
1999488	12
1999761	10
2000244	5
2000329	5
2000558	2
2000565	4
2001791	4
2002057	3
2002071	5
2002156	5
2002194	1
2002231	4
2002491	4
2002743	5
2002903	6
2003030	1
2003542	11
2003856	25
2003955	12
2004235	7
2004259	6
2004273	29
2004563	2
2004822	4
2004891	4
2004907	1
2005027	3
2005119	5
2005508	4
2005515	19
2005690	7
2005935	14
2005959	16
2006031	2
2006260	5
2006390	8
2006598	9
2006819	13
2006826	2
2007045	20
2007052	3
2007199	1
2007724	1
2008103	13
2008325	1
2008356	4
2008516	13
2008929	4
2008936	1
2009032	2
2009186	17
2009797	11
2009865	2
2010137	10
2010236	2
2010328	9
2010458	4
2010731	8
2010793	11
2011066	6
2011158	1
2011189	5
2011585	4
2011929	5
2012087	4
2012544	3
2012704	6
2012766	5
2012896	3
2013114	7
2013145	2
2013152	1
2013275	3
2013565	17
2013596	21
2014029	2
2014418	1
2014432	8
2014456	16
2014524	5
2014616	8
2014654	1
2014838	4
2014845	13
2014913	35
2014920	4
2014975	5
2015088	1
2015293	4
2015422	1
2015477	19
2015507	5
2015569	10
2015613	1
2015781	2
2015804	1
2015835	20
2015842	1
2015897	5
2016092	7
2016511	1
2016764	3
2016894	6
2017181	2
2017419	4
2017785	22
2017808	13
2018287	5
2018355	6
2018799	2
2019321	5
2019352	7
2019468	2
2019604	56
2019727	3
2019758	3
2019840	14
2019963	6
2020532	4
2020594	8
2020631	10
2020785	9
2020808	20
2020839	5
2020945	1
2020976	3
2021140	2
2021317	6
2021409	1
2021430	9
2021577	3
2022529	26
2022628	3
2022819	2
2023120	22
2023328	2
2023434	6
2023670	3
2023793	2
2023854	1
2023939	78
2024080	5
2024141	18
2024172	9
2024417	2
2024424	4
2024462	4
2024561	1
2024783	3
2025605	5
2025612	14
2025810	4
2025971	12
2026381	4
2026411	9
2026671	3
2026817	2
2026886	3
2027302	8
2027685	4
2027791	5
2028095	15
2028316	5
2028323	1
2028446	19
2028453	7
2028552	6
2029214	1
2029276	1
2029672	20
2029962	17
2029979	15
2030104	20
2030234	7
2030401	13
2030432	23
2030487	10
2030654	1
2030678	4
2030944	2
2031118	3
2031217	3
2031347	12
2031408	6
2031484	1
2031866	15
2032184	4
2032207	10
2032214	2
2032474	10
2032498	2
2032665	12
2033082	6
2033518	4
2033709	11
2033778	24
2033808	8
2033839	2
2033860	1
2034058	3
2034126	4
2034225	1
2034300	10
2034478	3
2034485	28
2034515	8
2034607	10
2034799	3
2034911	1
2035192	2
2035284	11
2035727	8
2035789	11
2035895	22
2035963	19
2036038	3
2036397	8
2036489	5
2036588	4
2036618	2
2036946	18
2037059	2
2037127	11
2037318	1
2037356	2
2037615	10
2037653	8
2037820	1
2037974	1
2038117	1
2038124	1
2038131	13
2038155	1
2038179	6
2038278	1
2038315	11
2038650	3
2039091	7
2039466	4
2039763	9
2039985	7
2040134	6
2040165	8
2040561	35
2040677	30
2041063	8
2041285	13
2041513	4
2042145	11
2042206	2
2042237	8
2042282	8
2042367	14
2042480	3
2042589	2
2042824	3
2042978	5
2043180	2
2043364	25
2043944	2
2044002	4
2044200	6
2044255	5
2044521	6
2044606	4
2044750	3
2044798	6
2044927	2
2044996	4
2045238	2
2045559	12
2045917	7
2046525	24
2046570	9
2046785	3
2046808	5
2046846	2
2047126	6
2047324	3
2047355	4
2047409	12
2047768	11
2047935	12
2047959	5
2048079	16
2048581	4
2048673	3
2048710	7
2048727	3
2049298	1
2049328	2
2049359	13
2049557	10
2049908	18
2050041	2
2050072	2
2050140	6
2050331	29
2050553	2
2050720	23
2051086	17
2051116	2
2051161	4
2051529	19
2051581	14
2051628	4
2051710	4
2051925	24
2051994	12
2052045	4
2052144	2
2052342	4
2052472	37
2052731	6
2052755	4
2052847	9
2053196	6
2053240	14
2053288	17
2053462	4
2053783	3
2053820	6
2053929	2
2054223	6
2054575	9
2054629	17
2054650	6
2054780	3
2054827	2
2054919	5
2054988	3
2055114	6
2055213	6
2055381	2
2055404	1
2055497	6
2055503	7
2055947	12
2056777	8
2057019	11
2057248	14
2057316	7
2058481	4
2058603	15
2058740	3
2058795	8
2058887	5
2059754	2
2059761	3
2059945	4
2060019	4
2060156	9
2060392	3
2060415	2
2060514	1
2060637	22
2060668	7
2060965	3
2061160	28
2061276	6
2061399	9
2061542	4
2061771	1
2062464	2
2062471	1
2062617	6
2062785	5
2063164	17
2063232	19
2063461	15
2063782	3
2063805	8
2063928	1
2064109	11
2064222	25
2064697	3
2064901	20
2064963	11
2065236	10
2065274	7
2065373	4
2065779	2
2065960	18
2066028	7
2066202	9
2066325	2
2066752	2
2066837	2
2066912	6
2066967	25
2067056	4
2067445	6
2067544	1
2067551	23
2067568	8
2067575	5
2067599	6
2067681	1
2067780	2
2068091	7
2068152	4
2068176	4
2068367	4
2068688	8
2068718	12
2068770	29
2068787	4
2068923	5
2069081	14
2069166	16
2069470	3
2069685	2
2069708	2
2069715	4
2069746	1
2069753	17
2069760	4
2069784	7
2069975	2
2070032	1
2070230	2
2070278	31
2070346	1
2070421	4
2070490	9
2070698	2
2070858	3
2070902	8
2070964	1
2071008	3
2071022	2
2071039	1
2071299	12
2071480	5
2071855	15
2071886	1
2072203	13
2072227	4
2072265	7
2072319	6
2073224	1
2073637	22
2073651	5
2073750	9
2073965	15
2074054	9
2074221	6
2074498	7
2074818	17
2074993	13
2075181	1
2075310	6
2075389	4
2075419	3
2075525	3
2075600	3
2075891	7
2075938	8
2076263	8
2076485	7
2076621	12
2076669	8
2076683	2
2076867	4
2076898	3
2077086	11
2077529	6
2077932	1
2078069	1
2078335	4
2078403	1
2078410	3
2078717	21
2079066	22
2079110	4
2079127	1
2079288	1
2079356	4
2079370	4
2079677	9
2079684	1
2080154	6
2080291	1
2080345	2
2080536	3
2080888	5
2081151	9
2081434	3
2081830	14
2082004	4
2082110	51
2082257	9
2082424	22
2082837	4
2082868	2
2082882	11
2082936	7
2082967	3
2082981	30
2083049	5
2083094	6
2083100	5
2083155	6
2083209	9
2083230	7
2083407	11
2083858	4
2083919	11
2084008	1
2084053	18
2084077	2
2084213	32
2084220	6
2084725	1
2084916	16
2084954	5
2085227	16
2085531	14
2085579	6
2086187	12
2086309	1
2086323	4
2086347	6
2086521	5
2086545	4
2086903	5
2086927	4
2087184	2
2087214	7
2087221	15
2087351	3
2087405	4
2087467	14
2087481	2
2087498	21
2087535	4
2087689	4
2087900	10
2087931	4
2088006	1
2088068	2
2088303	5
2088419	2
2088457	13
2088655	5
2088860	3
2089126	7
2089133	6
2089416	22
2089492	6
2089805	5
2089966	1
2090252	1
2090429	13
2090436	15
2090474	1
2090528	7
2090696	3
2090887	1
2090924	20
2091037	2
2091198	1
2091211	3
2091235	16
2091303	19
2091334	2
2091761	2
2091808	7
2091952	3
2092225	5
2092768	5
2092867	3
2092904	3
2093239	7
2093321	13
2093765	7
2093772	21
2093918	12
2093970	16
2094069	13
2094083	5
2094663	7
2094724	23
2094885	6
2095035	6
2095172	5
2095417	9
2095523	10
2095547	2
2095776	2
2095875	10
2095882	7
2095950	8
2095998	1
2096285	1
2096520	4
2096841	24
2097084	8
2097114	2
2097251	19
2097657	9
2097671	1
2097749	2
2097763	6
2097848	19
2097862	14
2097916	4
2098111	26
2098128	8
2098142	21
2098456	2
2098562	10
2098579	6
2099040	12
2099088	3
2099163	7
2099194	1
2099200	4
2099224	5
2099408	8
2099514	1
2099828	4
2100074	3
2100104	3
2100135	8
2100418	2
2100623	5
2100739	21
2100906	6
2101217	1
2101231	10
2101361	3
2101828	4
2102092	11
2102276	21
2102542	1
2102580	3
2102818	1
2102993	5
2103167	11
2103327	2
2103761	2
2104041	6
2104201	4
2104218	1
2104676	9
2104805	14
2104829	6
2104935	1
2104973	3
2105017	34
2105444	4
2105673	1
2106090	6
2106168	3
2106281	5
2106366	2
2106502	12
2106878	19
2106939	5
2106977	13
2107011	16
2107080	4
2107134	11
2107165	3
2107356	6
2107455	58
2107462	11
2107615	6
2107912	5
2108148	3
2108360	5
2108483	4
2108537	11
2108551	1
2108599	10
2108605	5
2108643	1
2108698	2
2108711	2
2108773	2
2108865	9
2109107	1
2109237	18
2109466	6
2109749	1
2109909	7
2109992	3
2110226	5
2110318	5
2110523	4
2110622	18
2110653	1
2110677	9
2110790	1
2111209	3
2111483	5
2111889	2
2111902	4
2111964	4
2112275	3
2112336	11
2112527	14
2112589	69
2112596	47
2112640	7
2112756	7
2112800	14
2112985	3
2113142	1
2113333	5
2113579	23
2113791	4
2113807	5
2113968	2
2113982	3
2114552	2
2114651	6
2114798	8
2114989	4
2115061	4
2115245	7
2115306	1
2115412	11
2115719	4
2115849	2
2116099	6
2116129	1
2116402	7
2116518	5
2116532	1
2116860	2
2116884	5
2117133	7
2117294	8
2117300	28
2117850	7
2118154	2
2118284	2
2118369	4
2118444	14
2118628	1
2118659	21
2118796	13
2118802	1
2119632	2
2119991	1
2120133	8
2120904	5
2121031	4
2121239	10
2121321	7
2121444	5
2121468	48
2121512	1
2121703	1
2121826	6
2121871	16
2121895	1
2121901	1
2122045	9
2122236	7
2122267	6
2122762	1
2122854	13
2123134	3
2123349	1
2123370	23
2123585	21
2123646	4
2123691	2
2123745	2
2123936	44
2123943	3
2124155	4
2124384	14
2124612	12
2124681	2
2124728	5
2124810	6
2124858	30
2125046	19
2125121	8
2125282	1
2125299	4
2125336	7
2125596	1
2125824	10
2125992	16
2126098	2
2126302	8
2126395	7
2126449	1
2126531	6
2126739	2
2127064	12
2127125	1
2127231	1
2127484	22
2127491	8
2127569	2
2127842	9
2128139	5
2128184	11
2128207	5
2128535	4
2128696	3
2128924	6
2128955	6
2129273	6
2129501	4
2129549	16
2129600	11
2129624	1
2129921	4
2130330	6
2130385	12
2130392	3
2130583	5
2130866	14
2131016	3
2131054	2
2131214	1
2131252	5
2131399	3
2131412	6
2131528	4
2132129	5
2132372	3
2132389	1
2132440	2
2132532	9
2132556	1
2132570	9
2132594	1
2132624	2
2132693	1
2133195	9
2133249	7
2133379	2
2133461	1
2133560	9
2133775	1
2133805	6
2133874	4
2133942	9
2133973	4
2134222	15
2134413	7
2134550	4
2134567	1
2134635	5
2134666	19
2134796	11
2134802	7
2134857	2
2134888	6
2135007	1
2135038	3
2135311	5
2135410	5
2135625	5
2135632	6
2135663	20
2135762	1
2136172	9
2136332	6
2136479	8
2136561	7
2136578	10
2136608	3
2136677	12
2136813	25
2137414	29
2137452	1
2137506	14
2137568	1
2137889	2
2138015	4
2138077	1
2138282	6
2138381	7
2138411	5
2138565	1
2138817	8
2139043	2
2139128	2
2139630	4
2139722	4
2139944	14
2140209	12
2140360	3
2140711	7
2140964	2
2141091	10
2141152	1
2141282	1
2141329	2
2141459	1
2141497	1
2141541	18
2141565	17
2141572	18
2141596	8
2141794	5
2142074	7
2142302	1
2142333	7
2142432	6
2142562	8
2142630	2
2142838	4
2143408	17
2143545	2
2143965	3
2144184	3
2144382	3
2144573	20
2144658	6
2144979	6
2145334	9
2145365	1
2145655	3
2145914	1
2145969	2
2146126	9
2146287	8
2146522	1
2146553	11
2146669	1
2146768	7
2146980	26
2147000	1
2147468	9
2147512	4
2147833	9
2147925	17
2148038	3
2148212	5
2148625	3
2148632	2
2148830	3
2148946	1
2149141	5
2149189	4
2149332	1
2149608	39
2149905	3
2150086	1
2150192	16
2150437	3
2150482	7
2150499	8
2150550	6
2150659	8
2150666	3
2150697	3
2150703	5
2150925	2
2150987	1
2151069	2
2151144	10
2151250	1
2151380	18
2151489	1
2151496	2
2151526	15
2151595	22
2151847	8
2152240	2
2152295	1
2152455	4
2152479	7
2152516	2
2152530	2
2152622	13
2152745	12
2152950	3
2153032	23
2153315	1
2153322	15
2153469	9
2153902	12
2154268	5
2154282	8
2154404	1
2154640	3
2154961	2
2155135	5
2155159	19
2155173	1
2155258	6
2155319	2
2155333	9
2155500	6
2155531	2
2155807	14
2155838	10
2156132	5
2156200	10
2156361	11
2156392	4
2156415	9
2156422	13
2156613	1
2156644	4
2156712	4
2156767	5
2156859	9
2157191	4
2157405	8
2157566	3
2157627	19
2157924	10
2158020	9
2158167	1
2158341	3
2158457	5
2158655	11
2158716	21
2158969	1
2158976	7
2159089	2
2159096	6
2159157	2
2159164	3
2159287	2
2159386	1
2159539	1
2159546	3
2159676	4
2159980	2
2160092	11
2160269	3
2160375	18
2160450	5
2160986	2
2161099	8
2161150	6
2161297	6
2161532	1
2161549	22
2161631	8
2161662	6
2161686	5
2161709	12
2161754	7
2161839	6
2161907	5
2162034	3
2162157	6
2162171	10
2162300	7
2162386	1
2162430	5
2162669	12
2162713	5
2162768	7
2162782	1
2163017	3
2163031	5
2163109	10
2163123	10
2163246	2
2163352	9
2163536	3
2163611	1
2163673	2
2163703	24
2163963	20
2164069	3
2164229	14
2164311	10
2164328	5
2164410	6
2164465	2
2164496	7
2164588	5
2164885	57
2165097	1
2165288	1
2165349	2
2165455	19
2165837	2
2165974	2
2166025	4
2166216	4
2166223	2
2166285	15
2166414	8
2166421	2
2166469	3
2166483	10
2166599	2
2166605	6
2166711	14
2166803	4
2167480	6
2167558	5
2167725	1
2167749	40
2167862	6
2168197	12
2168319	7
2168333	1
2168371	10
2168463	2
2168555	1
2168685	10
2168722	5
2168838	7
2168951	9
2168975	3
2169033	8
2169200	2
2169293	14
2169507	1
2169514	2
2169699	4
2169767	17
2169781	4
2169811	2
2169897	14
2169996	2
2170091	5
2170183	4
2170251	3
2170268	21
2170282	5
2170299	7
2170343	3
2170350	7
2170374	5
2170466	1
2170480	17
2170503	27
2170510	3
2171142	6
2171166	1
2171173	4
2171180	3
2171197	4
2171210	2
2171234	9
2171265	12
2171289	2
2171357	4
2171401	1
2171425	6
2171449	8
2171456	17
2171463	4
2171494	5
2171517	5
2171531	8
2171548	10
2171555	5
2171586	5
2171609	2
2171623	3
2171630	1
2171647	5
2171654	12
2171661	8
2171678	3
2171685	4
2171708	9
2171739	3
2171760	2
2171777	6
2171784	12
2171807	12
2171821	1
2171845	14
2171852	1
2171869	1
2171876	21
2171890	6
2171913	4
2171944	7
2171999	7
